Age,Training_Hours_Per_Week,Performance_Score,Gender,Calories_Required,Height,Weight,Training_Complexity_Range
31,23.6706303,3.042890401,Male,2237.004443,161.7781787,79.13158577,Medium
42,28.71732621,9.210385114,Male,2548.201882,161.220119,52.39061262,Medium
41,19.78028748,5.59585136,Male,2491.063393,172.0728015,59.80867298,High
24,17.07306942,5.611396508,Female,1791.926232,180.1822385,59.58244618,Low
42,14.02452462,5.113959388,Male,2199.029134,156.3949027,73.44450859,Medium
33,11.26303454,9.765231235,Female,2217.220942,171.8158558,84.43057037,Low
36,20.4143687,7.757058219,Male,2022.172078,181.837336,75.19979463,Medium
42,14.63281481,7.569199851,Male,3102.163135,155.8281002,66.96426056,Medium
21,25.32125595,2.150761177,Female,2517.463052,172.2565349,60.62629156,Medium
39,19.91774019,8.466384221,Male,3250.893315,176.0815929,59.21031718,Medium
43,22.90812444,4.221715749,Female,3065.053775,155.5340331,59.5019697,Low
20,5.548700171,2.405135393,Female,3472.411896,164.0414933,61.10028287,High
22,28.30658866,1.82167312,Female,1714.802528,155.9660739,87.75652774,Medium
27,23.36404469,5.435933557,Male,2812.199085,180.6977052,79.55281936,High
40,27.08933232,7.683318076,Female,3096.008003,161.561363,61.63754273,Low
36,25.81914054,2.904965447,Male,3109.089272,187.534726,67.68899163,Medium
23,23.65137883,5.108222514,Female,1811.645586,178.9196677,68.88890504,Medium
37,9.373878255,9.480645946,Male,1859.005314,174.2218133,98.71773034,Medium
31,21.38312891,6.344371043,Female,3473.081699,182.8095691,84.39604212,High
36,19.45635249,7.924392231,Female,2487.088297,155.9514113,65.09840087,Low
34,28.43107227,6.208445841,Female,2306.020154,157.3382305,51.46202778,Medium
22,15.3448785,7.505819815,Female,2466.118559,173.7058488,94.01599006,Medium
42,14.54379664,5.45661672,Female,2724.905087,172.1862543,86.77394682,Medium
27,22.26260361,1.53346602,Male,3160.646444,157.5326036,96.78691574,High
36,18.22937486,1.250161983,Female,1633.746361,158.0646099,88.82214125,High
38,6.930423833,3.07923854,Male,1609.521935,156.493493,87.58116134,Medium
18,29.19583833,2.736620365,Male,2696.484451,160.4635835,57.36860913,Medium
31,13.59943395,9.345727992,Female,1891.624776,171.6103736,88.16491598,High
29,7.023310184,4.197515566,Male,1876.825982,163.8200914,86.33651419,Medium
34,15.14247163,3.220359895,Male,1933.174317,186.6600717,64.29044467,Low
36,13.61922995,7.964221546,Female,2181.788843,163.5354766,85.36809936,Low
42,16.6548636,1.242375663,Female,2442.824412,180.8585267,99.3873854,High
43,11.25405535,8.050364461,Male,1627.410892,159.7529937,52.20651168,Medium
34,22.05195859,3.075938232,Female,1932.752024,164.2130307,87.80993096,High
24,11.7724782,6.238097798,Male,1760.941895,154.8098678,91.24150041,Low
43,17.21267667,7.239355789,Male,2385.271407,176.7303967,58.15125319,Low
24,20.38249789,5.795652107,Female,3463.538802,159.9787921,70.79206728,High
27,23.00583451,1.382641139,Female,3326.404348,175.9404643,58.3608507,High
43,11.49869905,1.416277959,Female,1965.277582,172.3297308,55.49584456,High
31,22.83278853,1.977525254,Male,2598.578167,173.6020383,51.29329227,Low
34,29.33419525,9.040678627,Male,2761.305071,161.4018653,57.46337706,Medium
19,24.68748283,4.916933058,Female,2321.108918,152.5869792,86.12053018,Medium
29,6.499826528,2.259248232,Female,1621.885979,164.5113503,57.64736586,Low
19,5.249486177,3.146877131,Male,2109.703299,155.7849462,78.01905601,High
22,7.878308965,2.692714717,Male,2300.575676,172.6321521,67.21179777,Medium
41,16.78908242,5.952517033,Male,1961.12159,165.7059592,73.67429509,Low
29,21.54359389,6.834353352,Male,2879.446815,168.4282674,68.14976415,Low
36,9.877222673,4.010819968,Female,2343.691522,162.9191204,96.58506857,High
37,18.08242254,8.476454347,Male,2933.627985,162.3566289,76.0685818,High
32,27.38931666,8.423849574,Female,3236.997892,161.6186366,50.34269321,Medium
39,17.69470968,6.231446471,Female,2754.635392,150.0300734,57.9134521,Medium
28,20.12824766,2.308031802,Female,1545.884327,180.7652296,98.75388329,Medium
28,27.74503257,6.417013394,Male,1561.905308,167.9338812,70.76603996,Medium
39,8.309470064,5.57735757,Male,3236.753684,158.0986668,63.5732645,High
44,16.44624797,3.559447595,Male,2906.652322,155.8114296,97.50825424,Low
40,6.22161464,4.538325445,Female,2666.308989,172.9644512,82.13843433,Low
44,24.84042672,5.659542141,Male,3474.992215,153.2769886,90.17482512,High
41,25.50647148,4.943853664,Male,3156.509144,177.2572396,60.78849563,High
19,28.3981829,8.444806294,Male,1766.267689,155.6516097,60.36105855,Low
42,12.20084817,3.306801015,Female,2478.585593,178.3768155,90.45388363,Medium
34,6.333043811,5.946565174,Male,1532.760546,174.7842024,71.17410151,High
31,24.67108294,5.7813697,Female,2299.113739,162.2934651,63.4026712,Medium
44,23.91545445,8.104605114,Male,2095.36409,169.2920036,68.24933013,High
20,19.37889068,4.394471761,Female,2789.155469,158.8585454,71.52123542,High
37,18.57416326,3.636134707,Female,2112.205143,181.5038059,83.66972324,High
30,13.39772399,7.371198618,Male,2163.224516,173.7607504,60.78627175,Medium
19,28.43509213,4.961461825,Female,2584.791698,150.8989223,65.22345539,High
42,7.047249409,4.774240416,Female,3445.871856,179.3492541,91.51519173,High
37,23.30625191,9.769301713,Female,2713.368779,161.3995586,68.88777486,High
43,25.88848053,4.061423117,Male,2132.664381,176.9059784,62.44546263,High
23,29.05081178,9.41287354,Female,1559.528285,163.6768531,62.62010334,Low
27,25.59583987,3.696443279,Female,1840.88039,164.7185539,72.31573563,Low
22,26.65508937,8.184511881,Male,3160.377414,155.61122,54.92996782,Low
25,19.48401162,9.835319226,Male,1728.584045,155.6548271,50.56127296,High
20,7.476131361,4.597932572,Female,1924.42001,164.6855283,54.8625185,High
42,8.247075322,1.113972088,Female,1525.957146,151.5963422,76.0181365,Low
28,17.06447058,8.527169733,Male,2474.823586,152.2986583,74.47485326,High
43,11.173726,6.522663435,Female,2231.980165,163.7985138,82.60473296,Low
31,21.61326722,1.859986887,Female,1964.149965,158.455731,65.77363659,Medium
45,14.04520687,5.247247779,Female,1821.877598,170.6902743,54.68991456,High
33,29.70072033,5.955820009,Male,3153.075008,174.8065259,73.11230934,High
34,11.43731862,2.072098759,Male,2606.053516,185.9173711,92.49047721,Low
25,26.11606285,4.333396674,Male,2596.962963,150.2318927,61.22881514,Medium
25,9.222093943,8.946599369,Male,3331.92286,164.941386,96.86686604,Low
39,5.341803491,2.184438652,Female,3201.782971,173.1917226,65.46444797,High
29,6.624844574,6.961881529,Male,3301.832299,172.9121628,80.76450521,High
32,21.21395536,1.019586146,Female,3105.183417,163.441698,66.34272653,Low
28,11.83198804,9.664245974,Female,2342.070046,156.7187339,85.90701193,Low
34,13.54713747,4.95473013,Female,1604.217477,174.0987387,79.89578218,Low
39,28.12549582,3.216415095,Female,1984.74776,184.7719427,73.17950674,High
24,26.48233868,1.985484467,Female,3218.50914,189.8908111,77.50657431,High
44,22.20974516,4.474985892,Male,1608.718976,182.4821959,81.13761474,Low
18,15.46586941,8.874113737,Male,2608.711471,164.7568952,96.70682877,Low
30,21.38733815,2.718809605,Male,3062.027028,172.1302322,82.74572815,High
39,11.74969282,9.229772391,Female,2338.977474,162.4628513,59.64718668,Low
42,27.81539123,9.877530557,Male,3200.969068,184.2259023,81.09526089,Low
36,23.85398644,5.836768958,Male,2819.162654,174.6468627,92.16314979,High
30,12.33713818,2.82266753,Female,1761.827065,159.1436979,99.40616134,Medium
44,7.956019006,7.690740976,Male,2720.730924,184.9602791,70.06946521,High
27,9.112125694,1.246523591,Female,2620.067722,160.1283564,57.20435109,High
31,29.00931404,6.593155641,Male,3280.34109,157.4585095,67.5179855,High
42,10.43609926,1.856806224,Male,2335.448956,181.6417771,74.54326649,Low
20,8.404657326,9.337391922,Female,3212.915279,168.0404108,68.1834394,Low
45,28.81428409,3.288668439,Male,2475.04097,151.774799,88.86022959,Low
33,5.82113408,2.053959655,Male,1801.720863,156.1365485,59.99264256,High
43,6.888415674,8.588534701,Male,2672.785031,165.0113484,72.55762308,Medium
38,15.1971821,8.606183746,Male,2603.585505,171.6301946,77.70649527,Low
36,19.9613489,8.2571125,Female,1626.163364,163.1973001,59.31322132,Medium
44,12.2019582,9.553960438,Male,2865.90122,183.483337,86.94268579,Low
18,26.936941,3.307698115,Male,3316.522205,156.9628707,94.62892269,High
23,24.160412,7.081804524,Male,1690.598742,154.0703317,86.58882406,Medium
35,24.28332497,5.372386584,Female,1548.597367,154.0173233,84.47169403,High
41,28.01945974,4.297940948,Female,3145.953221,177.8289059,79.58316813,Low
19,12.44029477,5.698471544,Male,3321.881737,189.4896552,90.61976681,High
37,6.033920747,9.469611871,Female,1718.471542,154.1023906,59.00283812,Medium
43,8.848278156,2.103317379,Male,2082.689738,178.3492469,60.89156257,Low
29,11.50133675,8.394425289,Female,2118.765436,179.5250785,86.29858907,Medium
43,6.477963851,3.170900847,Male,3275.36576,151.6564205,67.74093347,Low
44,20.1299108,2.418378807,Female,2232.691138,169.1032601,83.92907538,High
38,22.20231763,5.941455971,Female,2851.110739,178.2784358,70.53585267,High
33,7.330487759,7.298233424,Male,1536.718591,167.9229988,75.92288705,High
42,16.44450244,1.252680135,Male,1896.319933,154.6907486,79.47084984,Medium
31,29.5964876,1.084732525,Female,3396.95181,164.9016297,90.42524285,High
41,21.1695668,5.600501136,Female,2192.660638,183.2173814,87.3612873,High
30,7.765807951,4.019660641,Female,3019.800713,178.2712616,80.17617709,High
30,5.814411398,8.50795826,Male,2371.858779,163.2976483,91.57673845,Medium
43,25.18334228,1.308136072,Male,2898.020644,181.8891368,61.15909343,High
19,29.27838289,5.548309452,Female,2315.916064,176.9676747,84.62562899,Medium
45,15.07773258,3.362393132,Female,2699.794903,176.5084772,67.86150592,Low
30,19.007993,3.877847519,Female,2383.30203,154.8694488,63.4102823,High
22,23.66063684,4.700290221,Male,2696.889447,177.48553,89.91532507,Low
42,14.30342376,2.554018695,Female,3423.698352,173.5001157,73.28982658,Medium
22,19.09316306,1.170344001,Male,3073.183802,164.4383145,64.81096288,Low
28,24.33203632,9.250614632,Male,2565.060458,175.6488212,96.78090673,High
19,29.6142109,6.492751497,Female,3394.544837,189.0305776,90.57463994,Low
39,29.40728925,2.102787739,Female,3224.345777,157.5064095,53.04649441,Low
19,29.07457371,5.394074525,Male,2631.320147,159.2356633,85.0150831,Low
21,14.39434065,4.674446609,Male,2760.175644,182.9309069,61.6415076,Medium
33,23.48647504,5.161633571,Male,1875.087147,166.497713,71.33486924,High
40,27.15393555,2.101170678,Male,2332.962196,177.3486527,63.96328935,Low
45,16.58257629,6.630645406,Female,1877.050377,168.9689061,92.42335493,Low
25,8.476004381,6.473791324,Female,3457.549552,150.1534663,54.24759194,Low
32,17.65617964,7.712598643,Male,2608.040426,173.9193133,78.23105459,Low
32,27.97436547,1.40678085,Male,1811.629574,167.2844747,69.75529295,High
44,24.94998759,7.702301472,Male,2474.751861,185.7572,87.56113859,Medium
43,21.36777777,2.212799301,Male,1723.94147,165.9680576,68.78974008,Low
38,18.22586951,9.253821665,Female,2697.909078,187.8497601,70.60879881,Medium
32,7.214980756,1.908547,Female,3082.125934,155.3619995,89.97745066,High
41,24.42488943,5.504969844,Male,2237.467653,180.2126318,56.47452239,Low
26,17.61916571,9.458441488,Female,2335.26223,176.0648828,89.03732093,Medium
19,24.65943936,4.991535337,Female,3455.603735,161.3836602,76.35943962,High
23,27.2198296,4.356559881,Male,1742.958937,186.7848043,97.33991058,Medium
33,15.19664471,7.269599624,Female,1547.441308,168.4326301,52.89133677,Low
28,28.99624747,3.62781194,Male,3093.829589,152.2210676,89.62730086,Medium
19,6.594685459,1.272297852,Female,2113.639747,156.5621841,84.39604694,Medium
21,7.071938781,9.41348578,Male,2963.00925,153.3975459,63.14635738,High
38,25.20567221,2.237023662,Male,2536.037942,154.4846867,60.84348097,Medium
34,19.07046702,4.786357939,Female,2361.657979,178.624627,75.10137244,Low
19,7.019132548,5.594822575,Male,2026.145253,152.2249257,88.46164475,Medium
30,22.35961139,5.999182745,Female,1774.53906,174.0312475,79.66689612,High
27,25.72082687,6.888790336,Male,3123.452958,174.4707888,59.36535996,High
23,23.00267663,9.873235517,Female,3445.029881,150.7381231,95.02224894,High
44,5.953263784,9.421816505,Male,2473.11899,174.3299271,63.66074848,Medium
39,26.70264615,6.535660022,Male,2713.986147,181.4208901,66.69577905,High
22,16.80619988,8.213860075,Male,2486.788753,173.5342518,57.21104579,Low
27,11.79179586,1.483126823,Male,2718.584834,168.2481596,82.71196845,Low
19,17.83991562,5.253429706,Female,2231.018592,151.8695355,75.71272039,High
31,15.61772886,5.375975949,Male,2736.592411,163.2576856,52.47543006,Low
22,17.45948301,3.415719714,Female,2193.397538,166.4298833,92.19638877,Medium
39,23.90635987,4.699961825,Female,2156.057835,169.9330557,71.94136908,Low
34,18.32859644,2.079422438,Female,3385.755625,152.9315326,62.60235455,High
19,21.77590164,9.680784175,Female,1562.197599,165.4698933,80.94322727,Low
29,9.148583565,8.803946975,Male,2730.176326,160.7040602,93.96871571,High
18,5.812849228,2.710863554,Female,1882.584632,166.7010866,56.85282721,High
26,19.17525645,5.012222286,Female,3135.407482,181.992433,92.0204082,Low
32,27.39703614,8.833726141,Female,1535.694937,174.2909336,64.96736712,Medium
20,17.70270059,7.503525643,Male,2210.384554,167.5678826,97.16971316,Medium
33,8.885588488,7.332268005,Male,1516.975812,178.1661332,53.64016012,Low
39,22.50827276,3.739530444,Female,1809.918785,160.4045161,54.32198538,Low
29,23.87115793,5.30970393,Female,1680.462833,153.809098,50.79155652,Low
18,17.30894961,8.395212827,Male,2770.054322,184.7569388,80.17945403,Medium
39,20.8329533,1.260461943,Female,1759.087407,159.7497956,79.36231712,Medium
24,12.45300118,4.865913781,Male,2810.023208,151.0498066,91.92292892,High
22,16.91135715,5.579371904,Female,1978.499722,170.537854,81.76765466,High
23,16.60972718,1.006811022,Female,2427.490175,151.4478407,97.95991521,Low
40,16.44792808,3.067559313,Male,3270.395468,164.6412269,76.25914963,Low
39,23.0428612,9.528579608,Male,1517.346251,162.6272061,56.4159002,Low
21,9.025490915,3.9667975,Male,1835.430461,159.5760849,91.08398268,Medium
27,23.17655633,1.227614393,Female,2023.649904,156.4205117,79.20698774,Low
38,9.942876485,2.516810627,Female,2343.172324,185.0972648,72.04044792,Medium
40,26.72812345,5.368219064,Male,3116.585794,164.4992003,50.61697152,High
19,13.92517615,5.606025778,Male,3352.509598,188.6834554,89.62019825,Low
28,21.36902496,2.889098366,Female,3301.726161,158.1020955,99.23499816,Low
26,10.56572004,8.265777076,Male,1724.102745,167.507967,60.29481587,High
23,15.15237187,5.114621522,Female,1579.768147,166.1654734,51.74240761,Medium
27,13.20509529,3.28161782,Male,2187.63548,179.9555968,60.11683663,Low
25,13.59303655,1.548747031,Female,2580.836901,154.6149786,54.62466831,Low
43,8.344199639,1.148650098,Female,3292.352531,156.4974424,50.52179367,Low
32,23.31899878,7.341323082,Male,3477.524344,163.858938,67.09113921,Low
33,23.26444413,7.271656323,Female,2070.623166,164.6616762,94.52650554,High
21,27.38908493,6.347866591,Female,2501.894304,150.3698396,94.2840932,Medium
39,12.13252736,6.068802134,Male,1970.129292,171.4022837,98.18797958,High
23,18.23703248,4.312268953,Female,2567.430334,157.758012,97.51930576,Medium
30,29.27234408,9.375485254,Male,2381.888778,164.9012214,61.37872783,High
34,19.30655443,9.448577676,Male,2036.024875,175.1094707,96.44268454,High
42,9.658245496,5.239425411,Female,2354.560917,187.1299762,57.64985234,Medium
33,8.101554182,2.801871842,Female,1715.711525,168.2688471,90.29267992,Medium
30,12.14215655,1.98550651,Male,2010.502993,169.276109,79.79479065,Low
21,20.21275479,2.054219709,Male,2972.934404,186.3208038,86.36385676,High
39,13.35588565,7.35477466,Female,2196.036778,184.7493536,86.17053519,High
34,27.66168887,4.211227835,Male,3286.125137,168.7909387,53.49010825,High
27,10.05740291,9.390804381,Female,3085.664097,174.2986207,82.78085557,Low
37,17.63314966,6.306329137,Female,1642.913229,161.2124072,86.59630028,Medium
23,16.7546402,7.896239299,Female,2496.707231,172.7017432,93.05574097,High
34,13.30878548,8.40742563,Female,2040.252009,185.2334158,71.72073808,Low
34,20.61181189,3.896900993,Female,1570.502043,155.2664268,92.35830179,Medium
21,14.35945927,4.680490166,Female,2948.449687,163.0918457,74.93750004,Medium
29,12.42237273,9.13882734,Male,3025.817244,168.3011062,96.15974881,Medium
38,19.28624737,5.437491674,Female,2809.130473,181.6655266,78.09735439,Low
44,11.22419659,3.755346053,Female,2353.786095,158.5303531,51.11748748,Medium
45,15.6085509,5.002265445,Male,3056.240989,158.8087714,78.66452356,High
34,8.994962788,5.092150959,Female,2896.887521,174.3357181,68.68756064,High
26,24.38942068,2.201419789,Female,2002.586041,159.6700637,73.76948091,Low
43,7.463719964,9.169276582,Male,2092.320724,158.8295435,57.42066186,High
32,28.08715079,1.448157742,Male,1858.715005,187.2241814,94.64554976,Low
27,12.56968036,1.092259902,Female,2862.734958,152.4556723,74.8584366,Low
36,9.170738471,5.824900898,Female,1581.537199,163.9300327,95.12413835,Medium
36,16.26332386,5.75445073,Male,3135.251541,158.7158121,59.9168613,High
42,9.616850066,2.363410234,Female,2755.407374,167.0737466,63.36836742,Low
27,17.83381679,8.535082906,Female,1829.553994,163.958092,73.96671322,Medium
22,8.944198407,4.15761617,Female,2300.67998,165.2102617,84.32784599,Medium
26,19.15704291,2.430703813,Female,1575.154334,188.5598713,59.8630844,High
24,24.40582041,4.236002919,Female,2325.506996,186.3319105,63.00803607,High
37,7.982034745,9.44935019,Male,2879.662451,167.833311,72.63562197,High
24,7.48176393,1.552403513,Male,1504.339434,165.9663801,92.45416942,High
32,19.05631728,1.439960712,Male,2752.209144,156.8869639,56.50231001,Medium
37,11.80574272,7.853889551,Female,3472.164485,156.5982811,96.49216975,High
38,27.96870089,2.799720026,Male,2837.803684,159.0311279,67.49716668,Low
19,7.455168832,1.138240476,Female,1716.400995,163.7624957,88.73939647,High
36,22.4735356,6.811576437,Female,2230.951812,181.7484484,90.48151795,Low
44,25.47013832,7.673302311,Female,3226.624326,169.3780601,95.55832325,Low
27,15.28842055,1.04585328,Male,1792.494258,154.1067066,63.59262561,High
44,19.79841875,7.326202305,Female,2180.211368,169.7886528,60.08878045,Medium
30,13.36438964,8.203657812,Male,1751.95793,174.8303727,74.90009856,Medium
41,19.58758403,5.402285644,Female,3254.929408,185.431678,60.03198819,Low
21,19.56198693,3.362202974,Male,3437.516152,177.9430066,94.93822754,High
35,19.47004367,5.849798348,Female,2675.026792,151.0694381,74.88036711,Medium
34,6.924892786,1.173888234,Female,3341.167415,178.3925278,83.22851527,High
35,7.16087625,5.530681129,Female,2047.088902,162.5352853,87.94228303,High
42,15.47120018,2.747712206,Female,2810.296882,167.8379476,89.01586086,Low
31,11.28764932,8.762413343,Female,2288.316644,188.4226294,58.12594834,Low
32,7.061109661,4.262218885,Female,1926.957746,172.1310921,73.47563246,High
42,7.303478684,1.215750216,Male,2204.264709,154.3378001,51.88846356,Low
45,14.97443754,1.480347508,Male,1843.428349,180.3709534,71.12850347,Low
37,18.73225181,9.477352734,Male,1899.209167,172.2637022,66.6906019,High
27,5.074880484,4.283065881,Female,3282.664542,176.3859597,55.30819165,High
43,8.059635464,4.395646999,Female,3168.859535,179.0489496,85.74706322,Low
41,24.46328898,7.389952935,Male,1640.206863,174.1834613,57.67754032,Low
23,7.048303273,7.376366217,Male,1574.425814,168.1970585,95.46692133,Low
35,15.71843285,2.920807754,Female,2991.446309,150.4957645,58.81875981,Low
36,17.23959503,7.306313762,Male,2295.667358,182.8509656,74.92508143,Medium
40,22.84356921,2.920539063,Male,2925.357218,154.3032434,93.72642557,High
28,10.50835603,9.601752741,Female,2830.291419,180.9804387,64.64495148,High
41,18.49872664,7.86237087,Male,1834.739971,170.4983284,60.3449795,High
40,23.62605954,5.036873864,Female,3245.709587,170.1335032,75.7832095,High
28,24.2110149,9.219298649,Male,3188.590971,167.0625945,55.25509607,Medium
24,26.30337249,5.972036376,Male,2240.889579,159.745617,99.51384403,Low
19,19.53479028,5.797243722,Female,3167.637206,159.0366243,54.93308365,Low
28,19.44832401,4.587607517,Male,3106.43055,179.3579119,56.55727678,Low
20,10.48509746,5.542039583,Male,1666.774961,160.7733394,95.47430593,Low
18,17.1356621,2.753496851,Male,1776.804625,154.0802317,51.26003305,High
36,28.18169367,3.434407519,Female,1716.230763,169.2629277,60.5248419,Medium
28,5.339109071,2.390320849,Female,1639.35167,164.4112598,97.6409383,Low
26,20.12110734,6.478428081,Male,1585.245913,176.6782861,84.97459964,Low
33,16.41928332,7.833214936,Female,2300.901329,155.0133092,72.17070425,High
21,20.33012567,3.090891797,Male,2014.06021,176.7650724,59.76344312,High
41,21.71648185,3.54702721,Female,1923.424417,164.9109308,84.15603358,Low
33,6.396783087,5.937896284,Male,3319.210404,155.3127044,92.98779306,High
29,20.15424791,7.104773497,Female,1514.870884,179.9365484,70.86658823,Low
29,26.54164846,6.226210782,Female,2521.43145,185.0841067,83.97904849,Medium
37,9.76004495,7.91690014,Male,2620.966334,150.6462004,96.90419926,Low
35,11.24217767,4.458126989,Female,1737.929097,155.3532053,72.13234974,Medium
20,16.86361353,6.660495948,Male,2303.148168,167.3677621,93.34779027,Low
40,11.26624914,6.495565664,Male,2962.027376,154.9945531,72.68847765,Medium
29,6.725138606,4.498759089,Male,2439.697505,173.4818829,52.00230561,High
30,15.86429709,5.121849632,Male,2878.939124,162.5115409,56.23400752,Medium
44,23.39059033,1.883003595,Male,1680.161528,164.5189422,69.66125963,Medium
23,12.98973085,1.734753141,Female,2512.994893,168.7301694,92.06522549,Low
45,18.67802335,9.519413182,Male,3044.42937,166.5640913,91.28669977,High
32,24.72873818,5.694975837,Male,2983.057643,184.9277408,59.11826781,Low
23,10.54548549,1.093466863,Female,1826.98234,167.130485,99.66944783,High
38,5.768389466,1.321630583,Female,2431.845575,169.1378859,72.67894576,High
31,19.37093444,8.072867738,Male,3369.260093,176.5122634,72.17845938,Medium
38,26.26431809,7.735743335,Female,1969.462909,178.2562841,88.76215064,Low
23,18.68785853,1.821957722,Female,2673.436873,178.8329181,58.08670565,Medium
18,17.72386681,9.822439817,Male,1995.488752,168.4470363,80.77680445,Low
24,19.18950292,6.230848299,Female,2793.368193,165.0468671,91.50877137,Low
36,23.59331874,7.705574975,Male,1672.9414,158.0079419,92.15442482,Medium
18,25.0285569,9.527207425,Male,2434.585523,159.8761208,54.88569812,High
30,29.27829695,8.539268393,Male,1639.782818,160.6809904,62.12458193,High
18,23.11572277,4.35286093,Female,1881.650918,164.5789421,79.86259457,High
42,13.4030145,2.32947268,Male,3098.487024,164.2818336,82.84751523,High
23,25.06912514,8.775595153,Male,3463.507536,183.5567852,65.8836826,Low
38,12.7776948,6.469692728,Male,2426.70191,167.8255577,52.05868269,Low
31,8.963952941,4.03717179,Male,2817.659006,187.1333796,97.4284016,High
30,14.96596334,6.55864355,Female,2419.265575,156.5488364,50.36838505,Low
41,13.54132673,5.570110088,Male,3088.868733,182.1651142,84.57162856,Medium
35,20.99034912,5.851730283,Female,1926.470734,157.958867,97.71792269,Medium
18,21.91985048,6.206496984,Female,3392.765236,186.8509483,64.6121128,Low
21,24.72125789,1.446292766,Female,2909.691882,178.4636334,75.75353127,High
35,22.37713367,8.923519803,Female,1899.455425,153.3709062,76.1057399,Low
42,8.301614394,2.952738672,Female,1786.016547,180.9880252,56.9986594,High
20,20.40646789,7.021131852,Male,2694.688771,168.9918298,83.44045667,Low
25,20.05036142,3.602144118,Female,1878.961787,155.0483808,71.80216047,Medium
43,26.21323944,3.004634621,Male,1876.50296,152.4997949,81.32471553,High
18,27.14267614,2.06567127,Female,2124.531476,156.4586727,79.66580796,Low
29,17.10947,1.869391389,Female,2663.303438,185.9002375,78.34660637,Medium
34,17.02071559,3.009247861,Female,1663.416649,176.544416,96.65762606,High
44,11.25677657,5.697036019,Female,3175.470453,174.7610822,87.68405138,Low
29,20.31686614,7.247138224,Female,2874.657199,180.1297417,64.35164905,High
24,17.94304847,8.370049978,Female,2900.816969,173.3807496,53.9455431,High
41,21.98976833,7.633408181,Female,3281.124652,189.1284844,88.04312379,Low
37,17.22396601,2.852280959,Female,1904.759971,188.9803136,79.4251114,High
23,17.06978885,5.887599351,Female,2055.645334,174.7820159,77.08693703,High
37,28.30867357,2.003229994,Male,3254.821468,161.5058665,90.82444466,High
33,7.280937337,2.320926537,Female,1718.347228,188.5212715,82.32519265,Medium
45,20.88849414,8.898278237,Female,2823.076412,182.4707187,76.43806655,Low
25,10.65066431,3.248140786,Female,3309.122375,150.7699451,88.93601981,Medium
34,19.30357637,8.00703091,Male,2581.440536,162.1381449,58.9630933,Low
26,29.97564377,5.867404633,Female,2753.829067,181.6679077,85.8018073,Medium
31,6.345536215,8.613745864,Male,2284.951955,159.9281451,79.71552866,Medium
43,27.61992457,3.630547758,Male,3379.237838,153.0014185,82.38193374,High
35,17.69870019,7.443402317,Male,3224.01546,168.1514428,59.07565725,Low
19,10.50712703,5.84573796,Male,3483.824374,166.5406594,76.68074876,High
45,25.59567872,4.936271073,Female,2271.263852,166.089114,91.70342956,Low
40,24.57435053,7.709166572,Female,2971.768313,162.8823087,97.5140088,Medium
34,16.34800468,7.399372576,Female,2684.181684,155.024378,70.07543658,High
22,17.11399091,6.960341786,Female,2081.565568,177.2053667,93.90777781,High
40,24.66574952,2.129080483,Male,1705.714804,188.2842232,54.03897369,Low
21,23.52161635,4.697532608,Female,2109.683391,174.0921991,59.10411191,Low
40,18.82192,7.12885999,Female,1959.531395,165.0901797,81.01584404,High
37,12.95393643,8.664788807,Male,2938.611845,186.1319142,58.06863239,Medium
38,14.66276996,5.526443625,Male,1944.005422,183.5372484,55.41640535,Low
44,10.96340638,8.486296895,Male,3185.100051,152.6057983,54.52008095,Medium
28,12.76300143,6.961271586,Female,1697.839506,185.7073348,97.40343092,Medium
41,15.0113054,3.47214534,Male,3211.207689,150.3377402,66.14314768,Low
37,23.57444129,4.502750705,Female,2165.530417,166.8182171,90.32738467,Medium
44,28.97194112,6.234131637,Female,2419.969973,152.330646,68.68759563,Low
41,13.75040392,8.965972077,Female,1789.859122,156.7045133,64.39548463,Medium
27,22.18310333,5.616580184,Male,1957.23929,176.8847253,63.1255848,Low
31,6.484123813,1.065352732,Female,1699.096099,164.8948701,82.23756943,Medium
31,26.18523553,5.969818857,Male,2593.376123,176.2558839,64.32148166,Low
43,22.85167556,9.087521133,Male,1653.876617,169.9099579,76.83334332,Low
22,23.63923078,1.649622038,Male,2329.782594,159.9906765,62.85486308,Low
35,18.20873603,2.32558561,Male,1913.860983,178.5082593,68.4303863,High
27,10.56480662,8.114571508,Female,3413.468363,188.8743755,54.61857444,Low
23,7.090312621,8.697443253,Female,2634.041613,185.1459428,69.52520409,Low
43,29.79673658,4.259565261,Female,2903.982322,168.860392,66.85481617,Low
32,27.45493927,6.262198543,Female,2741.239548,162.2170677,65.0039629,Low
25,12.76892786,5.177463709,Female,3197.608512,158.0910017,57.43669944,Medium
37,21.84993265,1.648865417,Male,2751.178284,178.1806337,96.1351026,Medium
38,25.76797994,2.364395534,Male,2057.119247,181.775845,94.0953738,Low
39,6.259397223,8.438208692,Female,2223.815707,188.5254071,72.93316077,Low
31,12.25343063,1.190645698,Female,3217.347985,188.6378206,55.99641949,Medium
29,15.11564452,1.909305011,Female,2846.504353,158.9079138,83.27296859,High
34,8.243067885,2.970238203,Female,2301.943491,185.3634631,95.37207331,Medium
18,23.29613503,3.772061016,Female,3278.408521,167.9667643,51.9397521,Low
19,17.6638213,6.973826777,Female,1766.874831,178.0375555,90.38220456,Low
25,13.45741189,9.452911601,Male,2871.076676,164.0180569,53.41489936,Medium
23,6.021920827,4.760489896,Female,2997.841239,150.2486048,90.5778322,Low
24,20.80374313,1.424406379,Male,3397.261346,171.5100936,59.0438102,Medium
23,25.24186247,9.539586847,Male,3372.108048,155.4303495,97.93755331,Low
39,27.26450752,3.068093442,Female,3443.725958,153.3907713,89.95825642,Low
30,16.30785816,5.450794476,Female,3345.220454,187.4141459,60.20357914,High
18,29.79884205,8.79104162,Female,2144.633461,178.8324844,68.63034374,Medium
29,11.78265432,9.94123283,Male,2272.787572,174.7605122,76.79242711,Medium
35,15.66465157,5.470256767,Male,2424.145963,172.9491942,54.66354177,High
26,27.59109801,5.726009531,Male,2916.173872,165.6697567,60.41378852,Medium
19,6.151007395,2.997391683,Female,2866.969025,188.532241,54.82476157,High
28,22.93799032,6.427964928,Male,2008.787809,180.2747686,71.46024093,Medium
45,15.87274413,4.527596501,Female,1971.319785,153.067443,89.64777395,Medium
24,27.46223554,2.971274103,Male,2119.587369,168.5615868,51.27918328,High
29,29.35557371,1.252671204,Female,3451.80177,150.4005353,56.29753839,High
45,14.37047594,9.87582957,Female,3353.241996,159.580235,77.10006878,High
27,29.47750907,1.849263892,Female,2817.931849,152.9652356,96.46841499,Medium
36,27.66987016,2.658086257,Female,2300.318555,177.1492754,86.81601869,Low
24,6.727305225,7.562484931,Male,1718.310468,165.51376,95.66620963,Medium
44,23.65286687,4.133651258,Female,2737.986157,161.964074,99.53412467,Medium
33,20.8102954,6.758053875,Male,1971.621586,180.1465492,76.35570138,Low
18,29.44625398,8.907931243,Female,3288.678295,164.280028,96.19709346,Low
37,25.98514826,8.47283263,Female,1895.878669,156.8843649,60.09172838,Medium
27,10.37881674,4.056270765,Female,3247.824106,189.9060158,61.99753538,Low
36,27.06106369,8.160853808,Female,2049.072167,163.8535575,67.49337769,Medium
44,6.95973049,9.045383172,Male,1916.537113,183.2198888,68.47126675,Low
18,14.22407515,9.413973084,Male,3188.322846,163.6161889,89.88678946,Medium
22,17.16856587,5.840912256,Female,3308.936294,159.2721862,95.15228342,Medium
22,23.77178571,4.965781681,Female,2863.61363,158.3952705,66.78092747,High
20,6.540092599,3.05362704,Male,2865.817101,178.9819556,67.3754048,Medium
27,15.94198608,2.431815864,Male,2523.921882,155.9765562,63.79614618,High
40,11.21507747,9.440115871,Male,3031.148517,172.814915,65.27728359,Low
42,23.66212241,7.505243503,Female,1537.718514,175.6743119,51.61419828,Low
18,14.06090306,3.889294688,Female,3368.480062,169.0334665,74.84495315,Medium
35,10.24955633,5.059326839,Female,2496.81371,155.7455837,79.7351496,Low
30,12.79020787,7.494262368,Male,2707.859714,169.6707918,84.62862691,Low
21,17.45355644,2.13902984,Male,2240.691995,184.1820192,84.18143389,High
26,12.66536268,4.527871442,Male,1654.930563,181.4797052,77.33988399,Medium
44,17.70141189,1.485020683,Male,3125.501778,164.2745393,61.38940015,Low
33,19.29266149,8.287317472,Female,2216.659081,184.4961784,90.12025492,Medium
45,23.29386253,7.961452702,Male,2173.587702,181.6309092,68.2414685,Low
39,17.47532445,6.533146396,Female,2199.148735,188.0110888,67.64538536,High
20,16.88825813,7.006723878,Female,1880.445136,184.5389912,86.57789072,High
20,24.2951675,1.52037241,Male,2315.056026,168.0221174,89.62882486,Low
26,12.41095725,1.113879574,Female,2053.079967,158.8143137,75.34873992,High
40,6.590572464,6.888073387,Female,1830.783324,164.451464,78.56624783,Low
19,20.98130841,3.999969958,Female,2645.911697,172.0664078,96.97503361,Medium
25,14.82732735,7.622084182,Female,1726.003503,161.8466778,74.56892718,Low
31,15.70381353,2.958638157,Female,1864.765729,171.3212027,66.44682658,Medium
36,5.371364027,2.151380032,Female,2975.864906,189.9999627,91.43192394,Low
20,14.25512337,9.80781035,Male,1677.579257,155.1774184,74.03006514,Medium
42,13.71548262,5.577540781,Male,2199.417389,186.9384783,94.8269737,Low
42,22.7924581,5.640345471,Male,2858.73396,185.3386534,63.77091107,Low
38,29.16347589,6.979311475,Female,2171.17989,155.8306887,77.9031162,Low
39,25.59914533,1.835914212,Male,3087.438951,161.799468,95.49500722,Medium
34,16.11053513,5.443565618,Male,3441.228404,159.4388369,79.1393876,Medium
44,15.42978262,5.678079995,Female,1802.271384,158.7459447,93.20639511,Low
33,18.39998461,2.328469761,Male,2633.780512,161.0879512,71.95901542,Low
41,5.574644531,4.649511705,Female,1680.276524,166.8730326,68.34967395,Low
35,15.06090707,1.996087516,Female,2786.754775,166.7305398,58.7503715,Low
37,24.32358828,5.081692439,Male,3093.660096,182.5899646,81.38674745,Low
32,15.77096547,7.622060297,Male,3295.479096,164.9488127,87.480465,Low
33,14.38630838,3.238862235,Male,1685.087379,155.7106548,81.52190071,Medium
32,27.65694227,7.550419873,Male,2753.081581,156.6374601,63.18752537,High
25,19.38690584,2.127221788,Male,2007.745171,175.4903023,84.72650902,Medium
29,20.61457258,1.413146172,Female,1571.573297,171.4477423,93.02951362,High
41,17.97771223,9.398224775,Male,2290.103204,184.2727961,95.48422736,Low
41,29.09034359,2.15836697,Male,2552.620159,166.0079421,85.41444696,Low
20,29.36528851,6.99807327,Male,1856.421951,154.8821815,92.53744672,Medium
20,22.36718991,9.877443502,Female,2927.127476,160.2915246,65.84804393,Low
26,28.44003719,8.27887748,Female,1691.718625,157.4377582,62.53039284,High
30,6.843192958,6.94512295,Female,1836.225336,165.5124836,72.48986025,Medium
42,5.141505338,2.255140582,Male,2130.693347,168.5473135,81.84739479,Low
39,23.62584278,2.569992443,Female,2349.721991,172.3040227,71.95827895,Medium
26,20.83851087,9.783167938,Female,3495.68979,187.1114598,74.44455923,Low
45,22.43339866,7.01391751,Female,2031.922835,180.4746535,94.15511742,High
24,27.56504968,6.066780876,Male,2937.923981,159.7308243,57.89094353,Low
19,26.64183802,9.981214469,Female,2689.247293,188.5599628,52.27038592,High
22,15.13065766,4.840048382,Female,2259.374796,179.8469064,50.90714238,Medium
25,28.11166029,1.164933486,Male,1766.721133,153.778081,87.00671066,Low
45,17.23933539,1.668918102,Female,1742.426235,183.0936721,75.18291489,Low
32,26.35165346,3.054733918,Male,1501.57365,168.7628607,97.94328482,Low
24,7.171212776,4.826306394,Female,2362.677048,164.4521258,63.48229035,Low
30,28.03267949,4.304983641,Male,2880.952254,188.3613015,81.18006986,High
21,17.38510407,1.285899518,Male,2260.358588,157.9238827,58.78472173,Medium
42,29.04501041,1.677956906,Male,3048.869149,179.5542105,84.45006012,High
41,5.867306404,3.392337285,Male,2553.081607,173.3657013,97.11318769,Medium
41,5.087603285,2.082084009,Female,1906.593817,177.8790992,64.03865482,High
22,27.28554165,2.066883591,Female,2580.803946,161.1034975,62.53364107,Low
28,9.132563341,3.68518372,Female,1886.250452,151.5207213,90.43365635,High
38,16.01038743,4.126973041,Male,3383.293034,186.6681446,92.63319107,Medium
35,14.56957164,8.973104897,Female,3222.77626,169.0689549,90.7931784,Low
38,16.88441201,7.578329378,Male,2011.113498,184.8186479,92.34905701,High
34,6.659919398,6.852011601,Female,1749.546072,157.5250728,64.47224502,Low
42,9.955374981,7.35051882,Male,3112.006095,172.0068156,96.15730984,Medium
32,9.492877433,4.368990384,Female,3181.261484,188.3066189,62.21639857,High
27,25.76931787,1.423146693,Male,1931.551162,172.9865368,66.99692098,Low
25,27.00074549,5.111396825,Male,1722.822078,170.0210195,51.23714462,High
19,11.55795968,1.216048554,Male,2539.023355,169.1755858,86.68806945,High
33,7.093911704,7.84919921,Male,2374.765775,186.6259879,86.17151152,Medium
42,5.128547403,3.477949625,Male,2951.404029,168.3176268,79.1507482,Low
41,16.51412422,9.370981171,Female,2751.15312,177.6056525,88.19485639,Low
43,9.70365083,2.083200007,Male,2696.208928,162.7281314,54.30483518,Medium
37,8.506149688,1.593964766,Female,2318.054612,162.9820287,84.8477641,Low
38,16.80951656,7.378775925,Female,3061.503216,176.8462042,80.60211812,Medium
44,7.660200978,5.174275442,Female,3196.057096,187.8378366,74.48047741,Low
19,6.150045706,1.627130064,Male,1971.314578,159.3436659,71.98842479,High
30,25.55874194,2.099233661,Female,1547.398357,171.967715,85.01108074,High
25,7.331278897,3.643814117,Male,2426.03625,179.7864019,77.69386498,Medium
41,29.38666662,2.757308075,Female,2284.035102,186.8870575,83.31199996,Low
20,22.40822992,5.815087383,Male,2577.152213,177.0846619,62.4391467,Medium
42,14.82361352,4.602351023,Male,2455.109569,153.5432375,81.24284546,Low
22,25.40630131,8.949525673,Male,2629.984375,182.9245774,96.06060269,High
29,6.84884766,5.274274043,Male,2570.539176,177.7809743,89.3020245,High
24,6.315842809,9.918485698,Male,1849.825892,175.3724424,61.5056988,Medium
39,13.59794705,3.127926036,Male,3469.848989,156.0812773,57.75115155,Low
40,7.322114131,5.611081587,Female,2662.501002,174.0329798,52.19083967,Low
30,12.74970988,3.529708714,Male,2859.715068,161.2386403,76.05754459,Low
18,28.93530211,7.167576693,Female,2924.283624,186.4142807,84.53887786,Low
18,20.21907039,4.509101822,Female,2850.983584,163.5522446,94.00773213,High
33,25.77535735,6.807521966,Male,1508.706013,153.3190349,83.69292953,Medium
25,20.59421376,5.344800036,Female,2737.470113,185.4024793,77.60720338,Medium
36,22.41636885,7.030878657,Female,3094.980644,167.9083044,95.26258622,Medium
44,24.18092174,8.275934731,Male,1933.005363,165.4302029,78.52064474,Low
31,19.63435612,4.098690038,Male,1680.93418,181.8489853,50.24563922,High
27,11.41052925,7.071345702,Female,2330.892035,150.3035133,54.59235018,High
45,18.28056067,6.03565853,Female,2608.94319,163.4512942,56.27916754,Low
33,11.0327452,2.489785243,Female,2121.035951,159.5848487,50.88258929,Medium
24,22.17017436,9.600779174,Female,3386.135225,183.5377318,94.88873797,Medium
43,22.18215945,5.188600376,Male,2711.330232,165.0699092,55.5208697,Low
36,11.76571702,1.081159776,Female,3356.969655,188.4758949,64.3046288,Medium
18,16.11369355,4.611414907,Male,2408.782725,153.0536961,93.24048299,Low
21,24.24468356,6.954591432,Male,3042.278054,171.2558592,59.83665121,Low
31,20.50048672,7.825404122,Female,2122.136759,164.9081408,86.27596475,Medium
25,17.58162089,3.725812141,Female,2439.004552,186.5496368,89.7347746,Low
20,26.98023036,5.767719523,Female,3079.4097,168.7579575,97.24814306,High
33,7.907326653,2.650908162,Female,1800.982514,169.7145724,82.9593494,High
27,21.87842803,1.547437468,Male,2827.203792,162.8743835,97.75982121,Low
29,22.04124932,3.99799749,Male,2612.57986,150.8331449,99.03532055,Medium
36,10.31364904,1.483911368,Female,1857.313898,154.8971324,91.71257125,Medium
27,23.34949771,5.395132985,Male,1968.890054,151.86666,86.21715717,Medium
24,10.58233331,6.661849111,Male,2291.089537,176.8615639,84.13737708,High
33,5.843739592,2.239618995,Female,2810.842995,151.1074496,94.87376631,High
39,23.83289731,8.313282431,Male,3016.590513,167.6592429,65.4355563,Medium
34,7.081262565,3.086911977,Female,3134.588293,168.5176575,62.4415104,Low
43,18.17467201,7.908429574,Female,3060.120938,155.5371708,64.24286592,Medium
35,27.87643094,1.813193775,Male,3420.912881,181.0657961,69.45239017,High
33,15.09415634,5.893811833,Female,2902.647032,160.2839485,69.35980835,Low
40,26.28886332,6.50614203,Male,3423.564617,158.4894309,88.74030159,Medium
31,20.91876195,9.538851732,Female,3274.145127,186.6433748,79.21775797,Medium
30,8.018215021,5.070202907,Female,1541.191342,154.9126995,51.15027666,Medium
30,24.56066549,8.524315823,Female,2919.941353,160.5921784,85.45365079,High
30,23.63048231,4.382897537,Female,3351.068902,163.5196198,67.90326452,High
41,16.81094584,7.802367622,Male,2426.501688,154.434211,64.49004108,Low
28,18.18496924,9.892870165,Male,3133.484826,154.2230485,61.33789168,High
42,16.34189196,7.993622726,Female,2922.048393,187.7852847,86.94161324,Low
22,22.32221705,7.672526734,Male,2824.361427,183.4108573,59.00657645,Low
41,20.23773097,7.152117915,Female,2711.079807,159.3805109,51.85137031,Medium
21,17.44798401,6.531465449,Female,2489.258153,158.9811029,98.97886243,High
42,20.00577508,7.783677827,Male,2337.306654,184.1319865,61.33892196,Low
35,11.01575257,8.318825141,Male,3216.139205,179.5876271,57.55169321,Low
36,13.66097397,8.472983971,Male,2246.60391,162.6559998,93.5724332,Medium
19,28.99608978,5.14304075,Male,1783.367269,158.4204509,92.91132693,High
18,14.06630083,6.034278471,Male,3085.15748,162.041038,60.9478374,Medium
31,19.97191355,9.78001003,Female,2753.244641,167.4295874,68.57160311,Low
31,15.08935848,4.940414298,Male,1651.801614,157.6205547,88.91192071,Medium
21,21.15259239,4.640877714,Male,3418.233393,173.9236311,73.31419905,Low
21,9.544120628,2.978520779,Female,1503.525219,163.545763,53.75294029,High
36,16.91897227,2.814496864,Male,2306.411138,165.5074497,75.8955232,High
43,22.38124821,2.011111739,Male,2494.117665,187.4300404,51.04915674,High
43,17.28156137,8.231447327,Female,2053.244943,183.8978159,66.27325423,High
23,8.697340649,2.880379867,Female,3273.29179,167.5115167,83.107016,Medium
40,8.682460897,1.84323339,Male,3266.422403,159.3743066,79.37092489,High
34,25.50134712,6.957363666,Female,1803.895007,163.8516718,52.71301624,High
34,23.37297809,3.87144362,Male,2387.450652,164.6719952,68.43614315,High
22,11.48299393,9.331640222,Male,3161.379766,186.3564722,78.36273689,Low
42,17.87366043,4.289137794,Female,3341.128391,179.571373,58.12718415,Low
25,19.48740033,2.526430818,Female,1911.283514,153.9143482,88.39252426,Low
38,7.547445386,5.079726909,Male,2267.490123,174.2081308,54.1270417,Low
29,13.10876925,9.128078585,Male,3370.947707,176.8680074,84.05461301,Low
19,12.3911234,5.8372452,Male,3241.418308,152.9872148,63.31721063,Medium
32,28.87603427,7.049143219,Male,3207.936956,153.7090669,72.08363647,High
41,14.20613163,8.410899649,Female,2025.939891,183.8731414,97.48665735,Medium
20,13.81474479,9.770684685,Female,2183.169367,188.5088938,96.03079571,High
38,28.37842625,4.404451265,Female,1955.153094,153.5032654,72.28914213,Medium
26,17.17919287,7.269307648,Female,1590.44709,173.1756052,56.07959849,Low
27,9.407851176,5.361729663,Female,2833.421689,183.2031968,91.77429824,Medium
30,16.23754243,5.491636605,Male,2021.542228,168.2375527,98.89796266,High
32,12.70513105,8.243969558,Male,1843.716089,158.2592373,69.64655353,Medium
36,14.19141343,3.603757985,Female,2459.142345,162.5300888,86.81343673,High
21,5.569697827,3.446622666,Male,3097.33769,154.7142663,69.81869823,High
33,12.82420868,1.826229594,Male,3494.354679,171.3598286,96.82674611,Low
32,9.055167306,8.192183066,Female,2954.479531,166.4783137,90.12443468,High
29,27.17059862,9.547472433,Male,1529.029489,166.9619952,97.89345053,High
27,15.42123922,4.49575112,Male,2548.507199,155.3057003,73.38468984,Medium
30,13.19846086,3.427751553,Male,2817.62182,170.6082507,88.41947714,Medium
39,22.262679,5.907257884,Female,3014.59957,178.7503815,54.74678122,Medium
24,14.76891833,6.17880169,Male,3166.431885,162.6158199,65.9949595,High
39,15.63019355,6.782365395,Female,1608.283027,172.3694373,59.60794711,Medium
18,29.12680774,4.622053099,Male,3276.203537,150.4450931,73.21317418,Medium
30,22.10500909,1.076552451,Female,2403.235682,150.4657702,61.84624184,High
42,22.78823078,5.402035451,Female,1620.638293,157.2797312,83.2890018,High
42,27.52797139,9.404648233,Male,2513.776384,153.7587941,68.94855503,Medium
27,22.61367046,7.840507859,Male,2035.221487,174.0251219,84.84053094,High
34,28.18112768,3.571656645,Male,2790.417399,158.6668183,93.51526002,High
33,27.14825628,8.967181778,Female,2093.755603,181.3841797,97.81453737,High
19,21.47903472,4.238461249,Female,1666.291308,168.0496888,68.26378124,High
31,10.85066453,3.716666125,Female,1585.109897,175.5705213,62.37345004,High
30,21.97283763,1.701194373,Male,2276.463406,173.5104673,84.71523344,High
26,7.938093187,3.829287442,Male,3131.106299,155.677245,71.92887862,High
29,28.96655933,9.141398863,Female,2004.620023,159.1640959,64.07036384,Medium
28,8.93407531,3.816899189,Male,1883.857714,157.4739846,70.32032774,High
26,8.362553093,2.956304626,Female,3015.977711,180.2841758,63.28617124,High
24,19.92784725,4.497791382,Female,2845.516661,183.8937827,70.76802063,Medium
44,20.06146174,7.978656839,Female,2815.57691,174.5246682,55.69722652,Medium
38,19.65055193,1.197956784,Male,1905.200338,177.4125653,70.35228248,Medium
26,7.146194997,8.734798628,Male,3254.449838,155.2704117,95.32512306,High
40,23.99585819,3.68246873,Male,3169.329894,153.6575079,88.0718468,Low
25,19.8477311,1.316103776,Male,3078.540701,169.3146017,67.61992147,Medium
42,23.90020696,3.064067877,Female,1766.207754,167.8497408,73.01234021,High
33,15.71692177,6.867609076,Female,1609.400134,174.1939433,93.90271849,Low
36,27.1987587,2.022162077,Male,2464.242611,158.9245887,85.19798659,Low
30,13.45861977,5.385321711,Male,3341.318962,167.6857725,72.91777435,High
41,25.57454496,7.272465044,Female,1909.008519,152.1640746,59.10555721,Medium
29,9.451467394,1.712562785,Female,3427.606309,187.4389475,54.81038239,High
32,24.0405829,9.903966384,Male,1603.746801,162.1587019,59.84448521,High
28,8.426714133,7.606043199,Female,2510.869743,163.3169293,59.46166818,Medium
45,21.62067982,6.094475327,Male,2087,188.191772,86.68119381,High
30,25.22741366,6.682713652,Male,3164.73833,162.6844669,62.83277547,High
34,16.10098704,1.654835057,Female,2666.412078,160.5064995,66.74019582,Medium
21,27.25523793,1.244024632,Male,2341.142593,180.8044024,86.05753709,Low
24,21.54595847,3.942225063,Male,1684.232262,165.289592,79.92435462,High
31,27.13681906,9.121037411,Male,2294.836566,160.8711405,63.63590046,Medium
39,27.81902101,3.259939129,Female,3290.6565,163.5609864,80.1450516,High
21,27.80886782,6.550998087,Male,2350.929562,156.8731342,56.53989561,Low
25,20.77459026,4.739836257,Female,2788.534194,167.1167222,93.27453165,Low
43,24.81346565,8.498066596,Male,3127.104565,173.7244719,56.50982676,Low
23,6.653923955,2.565571565,Male,1626.381512,182.0572687,57.69219691,High
22,5.062294708,6.542659817,Male,3491.337862,166.9941643,84.41198919,High
44,10.85912506,9.934166943,Male,2578.999321,186.92389,78.057893,High
44,7.549225338,4.993823868,Female,2722.02764,160.1619607,69.27166114,High
37,9.644736164,6.936138035,Male,1804.89181,180.7190704,92.95034932,Medium
41,25.15447975,3.959248626,Female,1980.822764,162.8758634,53.98159819,Low
41,12.01510346,8.355110755,Female,3389.831489,170.9649953,76.25158697,Low
22,20.45617422,9.347329924,Male,2681.946147,165.6876811,83.52361228,High
40,29.41949768,4.607379044,Male,1705.151637,165.5703608,81.9745533,High
30,24.87675124,6.680768021,Male,2214.303105,163.3140945,61.37535959,Medium
36,12.73189153,1.461367078,Female,2392.092596,174.8872637,62.827059,High
20,8.105214135,1.550076593,Male,2329.29517,174.3012316,66.98388473,Medium
35,10.14039101,4.101119045,Male,3330.81154,186.4887617,93.88003313,High
23,16.78407772,6.587168456,Male,1930.102981,177.7019464,81.69698776,Low
26,16.12886843,4.215370513,Male,1684.485129,180.1787519,53.39929978,Medium
27,17.75770376,7.528738499,Male,2782.63666,177.0025568,58.08518613,Low
24,8.658665635,6.385787515,Male,2802.558334,150.8810547,57.747889,Low
31,29.98536167,7.632110862,Male,2003.105081,165.6230894,62.5349428,High
27,11.37099311,1.256473403,Female,3157.177639,172.0359593,50.11659604,Low
22,8.481339839,3.458069236,Male,3496.573468,184.6086957,95.11290324,Low
42,15.60484619,6.729073324,Male,2958.957164,163.2070335,66.00817603,Low
42,23.73140722,7.268946722,Male,1592.496903,158.2135438,75.78498375,Low
18,28.82879578,3.04823606,Female,2852.082018,183.7470255,68.40687816,High
20,23.82566793,7.609236888,Male,1892.119802,189.4276307,87.72109476,High
39,8.653816579,6.296787659,Male,3324.180379,172.8436886,82.37490429,Medium
20,14.13197496,6.972174435,Female,1661.422207,157.7486917,92.09365047,High
26,29.6649933,7.564784716,Female,2894.617933,183.2500893,77.14064657,Medium
33,23.83089794,6.779185809,Female,3075.55114,181.7821493,55.42575596,Low
41,22.93330033,4.532960143,Male,1558.657418,163.0816172,67.98450826,High
18,20.27578154,4.169429702,Female,2132.494043,150.4890767,60.49485973,Low
23,26.35875455,5.721340223,Female,2539.697075,183.270016,80.1440838,Medium
44,16.85931872,4.637672065,Male,3354.273296,182.8195398,53.8052848,Low
26,25.55557031,2.932845538,Male,2392.088526,185.5143561,98.90380231,High
20,8.278265992,8.987965351,Male,1955.18749,160.970387,95.77945132,Low
42,12.95656536,7.721526705,Male,2106.277358,173.485716,83.50472539,High
28,5.221750267,6.827413651,Male,1772.31555,155.6067424,79.13923297,High
25,27.60392099,2.857129161,Male,1623.137162,154.308803,75.48209795,Medium
20,17.26828713,3.39403516,Male,3024.511627,154.2792825,96.2266512,High
23,29.31468551,3.378456881,Female,2002.850563,177.0841869,94.24158334,Low
41,21.01551815,7.09234171,Female,2617.614091,189.7755924,76.24657999,Medium
32,17.93415563,4.353415011,Female,1637.292714,182.403896,69.82723273,High
35,6.045208499,4.756008525,Female,3423.986798,166.0731341,70.02496724,Low
31,29.93799046,9.510141747,Male,1573.81702,187.0445497,89.08681842,High
32,11.19602211,3.131259725,Male,2638.423509,158.5824704,83.52474831,Medium
36,24.07303733,6.803367933,Female,1885.891012,188.836282,65.02589133,Low
25,13.59046194,9.056287173,Female,1726.635387,178.4622559,86.2380568,Low
45,21.84203135,4.484322186,Male,2971.806782,168.6913482,87.79317685,High
31,23.02872326,2.997113243,Male,1732.581974,189.4236528,66.68286583,High
45,15.72928557,6.640896779,Female,3178.316611,156.3163099,94.65168339,Low
34,18.09509609,4.079856699,Male,3052.356726,184.5832625,57.73283949,Medium
43,27.9089442,5.250939088,Male,2187.0834,159.507504,82.20594377,Medium
21,19.31973076,1.492742524,Female,2241.919106,183.7128683,62.02497693,Medium
41,24.3260773,1.016332075,Male,1947.637154,167.3754124,89.42250195,Medium
30,18.26147742,1.101920116,Male,2993.459803,171.0050995,69.75074367,High
44,14.59942499,9.909257685,Female,3020.022005,165.8529312,97.33396907,Medium
39,12.16902122,9.63483384,Female,2998.939113,174.5204456,89.68842096,High
38,19.69537411,1.971218163,Male,2865.550769,189.6825952,76.1886289,Low
24,24.9826715,6.779568115,Female,3266.460905,175.3020676,50.01444424,High
26,22.95536005,3.839039143,Male,1906.754212,160.614679,65.16000294,High
43,16.10901949,3.623741962,Female,2362.371935,189.1136166,82.49976556,Medium
30,12.72031108,5.706013552,Male,3381.523123,154.0579891,56.76646936,Low
31,6.591273389,2.632752503,Male,1696.0539,151.7160049,85.29119603,Low
33,10.32402994,9.872267442,Male,2782.604256,157.8267275,84.63256261,Low
35,9.415873336,2.490130826,Male,1598.039139,152.5760859,83.53557738,Low
20,20.92345955,8.302692192,Female,2695.472127,186.3395409,52.54449555,Medium
21,18.55523742,3.561326327,Male,1987.089266,174.252585,82.25300194,High
19,8.024335457,7.083175096,Female,2637.274546,186.5089935,67.43704276,High
26,13.88175596,7.315903184,Male,1978.942658,154.1161925,67.79775384,Low
21,17.42736672,1.459431248,Male,2272.916129,158.897259,80.01930734,Medium
27,13.71655583,2.806128144,Male,3097.958233,173.8920317,53.99100115,Medium
23,17.48455066,4.026401932,Female,3243.9713,187.2870149,62.07009782,Medium
23,15.96010142,2.627826711,Male,2387.864815,159.7784548,99.13483532,Low
25,12.82321664,1.602494879,Male,3083.842999,151.4755487,77.93250566,High
24,6.552069292,1.125796091,Female,3256.830653,183.7920147,80.86376603,Medium
31,23.01306906,1.773628416,Male,1617.643351,178.4833951,58.44436804,High
27,21.78832794,8.385604721,Female,1809.861334,176.9051674,90.77796069,Medium
29,13.53831264,8.132521802,Female,2136.810749,164.5910836,63.21192573,High
34,13.94419439,2.756798842,Female,2914.068342,168.3822416,69.66523199,Medium
21,13.24912772,8.340992191,Female,2996.626832,165.9193784,96.35367436,Low
34,27.23816922,7.633389746,Female,2464.797233,172.8106003,53.58610495,High
39,22.17033019,5.044294954,Female,1977.772003,156.917687,93.07567467,Low
27,10.30765491,9.72620706,Male,2175.980198,185.6631909,54.24874617,Low
32,24.17705097,7.454790381,Male,2737.768229,162.7215786,92.01062732,Medium
23,5.614771557,1.32836768,Female,2646.090859,166.6163558,63.04098371,Low
33,13.60920692,1.657344637,Male,2386.328844,181.3004241,62.42323866,Medium
39,14.62267756,5.710879675,Male,2307.702897,187.6267945,94.74071636,Low
34,23.5898811,8.232111389,Male,2990.299718,171.524566,94.59047697,High
19,20.11202618,7.813858208,Female,1813.13882,162.7272375,56.21380575,Low
27,14.07672433,4.793809368,Male,2771.196217,184.5850021,68.41823972,Medium
25,14.34116636,3.260215755,Male,2550.567289,186.706443,98.78059596,Medium
42,23.44638035,6.501707379,Female,1832.515654,159.0941394,73.36337801,High
32,28.26091899,8.276695266,Female,2333.019759,162.0559998,98.73945663,High
41,18.11391697,5.872773453,Male,2153.331403,150.4857748,95.15670009,High
33,27.04333808,1.386544536,Female,2641.383666,160.4470733,99.74076226,Low
40,22.03815945,6.461563306,Male,1511.160547,156.9104378,60.0165178,Low
42,10.03986018,2.980588227,Male,2735.54451,172.1265644,89.5494519,Low
33,8.529694745,4.669062007,Male,2220.926655,165.1633908,87.8609044,Medium
24,18.63386668,8.125681585,Male,1800.66399,153.3046804,99.50048422,Medium
21,6.191278547,6.544467312,Female,2101.890256,175.8191436,91.79169618,Medium
26,11.26423442,3.927189187,Female,2549.324019,156.3844954,80.30032009,Medium
20,24.36936935,7.322340595,Female,2402.617746,150.0558511,65.60212716,Medium
34,24.71282919,6.697034596,Male,2070.017149,182.9220542,61.87168666,Medium
25,10.67801612,3.18711132,Female,3257.799415,182.014097,84.90482506,High
27,26.57529664,9.471877195,Male,2966.75174,170.9626375,98.58790729,High
37,23.60477419,9.080083229,Female,2720.287458,168.9238036,91.0536997,High
45,6.84901037,1.041939236,Female,1740.861218,168.892363,87.39995221,High
18,14.46178983,5.130638543,Female,3443.514188,187.9288471,56.45504852,High
39,10.84752719,2.526353907,Female,3380.884341,160.7196339,69.58409929,Low
22,12.96722049,8.976980958,Female,2514.307827,172.1558264,72.77582053,High
34,23.27525261,2.518079366,Male,3149.640081,176.6553334,57.79120577,Medium
34,8.807872653,4.414928965,Female,2570.319614,180.7628136,80.53933157,Medium
20,26.49713219,9.643428091,Female,2785.826455,180.672751,72.64483545,Low
43,13.66193186,7.660905838,Female,2271.534303,172.6159959,85.66925861,Low
42,11.48336454,6.058590348,Male,1710.399841,151.3379725,94.7433429,Medium
37,5.097995843,5.893558019,Female,2391.167548,152.0189118,85.13720705,Medium
44,5.732382794,2.5170741,Male,2858.393521,151.9227948,94.0583987,High
34,19.3069815,3.933586931,Female,1535.640999,186.5677779,71.80097922,High
35,19.69680023,8.646727614,Female,2457.572994,166.4318066,76.5286526,Medium
41,8.187559742,7.22544018,Female,3183.166115,170.8230029,87.13879946,Medium
29,14.46585259,7.756577108,Female,2160.798322,184.847201,78.31006332,High
34,5.992511399,2.354734398,Female,2302.116709,155.4924638,60.84952478,Medium
38,11.79259451,4.453363897,Female,2014.319596,177.3818346,89.3265598,Medium
25,17.9700526,9.762554613,Female,2485.180976,164.0896894,89.14082846,Low
41,11.21280766,2.585735093,Female,2227.678311,166.1241501,67.63701169,Medium
18,18.96034542,4.360765147,Male,2040.459275,172.661335,79.42981348,Medium
23,24.56266083,8.964593931,Male,2043.638433,169.4383811,98.71273589,Low
39,27.18570485,5.614373465,Female,1514.830274,168.8409324,56.21828705,Medium
41,20.74631111,4.775632464,Male,3086.059373,167.4805052,59.62036341,Low
37,11.57532641,9.112243421,Female,2753.860704,176.2809166,75.96119593,Low
35,12.93758297,1.064181526,Male,1781.592384,164.9569416,99.9247811,High
29,8.335448369,8.167933664,Female,3152.667254,174.3556871,90.35769451,Low
31,12.48236317,1.98728103,Female,2836.737781,187.9440551,67.10964121,High
38,23.54221397,6.280654429,Male,2257.63884,188.7804463,87.06432148,Medium
35,18.75569082,8.293160299,Female,3435.094511,152.6372237,76.36834611,High
28,12.03546028,9.119960065,Male,1590.750839,180.386112,50.25659637,Medium
29,24.67381593,7.858705329,Male,2641.880605,184.775232,97.75171007,High
44,29.97925241,2.689963281,Male,3288.357539,159.8380722,52.05278019,Low
34,29.60795174,5.000296985,Male,1733.08814,150.972087,90.70181461,High
29,25.49990999,6.81058219,Female,2814.430982,182.5101035,72.43880208,Medium
23,16.9503283,7.487869076,Female,1674.43265,185.282473,86.39494387,Medium
34,7.371354989,8.050733219,Female,2778.730186,166.5793988,63.19824317,High
26,8.327767372,3.467924544,Female,2935.844349,177.7827481,82.03266425,Low
26,14.20108759,4.618918394,Male,2248.550837,181.6722689,70.65797596,Low
22,17.67779973,7.589448218,Male,1756.970393,172.4558579,74.14914359,Medium
25,10.37656285,4.532194381,Female,1725.775443,159.4455771,87.89977725,Medium
33,24.64670214,8.287012029,Female,2869.513686,156.138787,63.09203912,High
40,20.83921016,6.971975595,Male,3338.760844,189.1964373,64.28869618,High
21,16.53280818,7.042933494,Female,1854.253403,169.3901878,68.59777259,Medium
21,22.60928387,9.118469347,Female,3271.546478,171.2035688,74.01449999,Medium
28,16.72008762,8.01051291,Male,1819.12441,152.4625535,90.97276297,High
38,14.32200576,2.056182507,Female,2929.672045,150.4147226,86.20773663,High
20,23.35472665,3.338198784,Female,2270.392836,153.0151547,93.95996062,High
26,11.3472077,9.177972044,Male,2005.746257,158.9311959,86.58515047,Low
33,18.7123427,9.281880503,Female,1619.420242,178.9893825,55.81635389,Low
22,12.86976786,6.429123966,Female,3048.697981,159.7703977,68.40718423,Low
42,28.00189845,6.574260704,Male,3057.290342,172.2477954,56.64221635,High
43,27.30209499,3.702302475,Male,3017.511471,174.9059964,79.64203283,Medium
33,8.96896704,7.379571143,Female,3399.733846,179.8021436,70.68110982,Medium
20,28.28561009,6.11307192,Female,2912.762182,167.7114348,97.79552737,Low
25,11.02707303,5.969353804,Male,2265.089631,157.3214819,94.51038885,Medium
32,16.46144168,4.450885977,Male,2211.558559,178.3700295,60.55342892,Medium
42,18.49715333,9.099665529,Male,1995.598284,152.4107789,54.26988084,Low
29,15.56319618,6.036130552,Male,1686.174295,159.8383165,66.19594216,Medium
23,15.02327833,9.340661542,Female,2317.49586,152.6351274,62.23171579,High
25,24.4492462,9.694723627,Male,3221.410181,159.5192596,69.03342772,High
23,13.49747364,2.455663084,Female,3081.36756,178.2545238,94.40000194,Low
43,9.039320247,5.954443331,Male,1735.278808,183.3922959,53.73989311,High
20,24.69256978,6.084259162,Female,3467.41578,188.8637724,66.67676016,High
41,11.2124704,7.668197646,Male,2113.068989,169.1862931,61.13207114,High
32,22.19307154,3.621902516,Female,2225.575787,150.4462973,55.05788528,High
42,10.56978908,3.549336856,Male,2922.461463,153.4354757,82.67392103,Low
29,7.129374616,5.941931461,Female,2445.442779,167.3257822,66.17240951,Medium
31,29.46119565,6.68671531,Male,1669.461057,189.9560389,85.10725991,Low
35,29.80846569,5.132880741,Female,2361.483635,171.8275903,91.06148084,Medium
19,11.56043845,1.489586229,Female,2765.480285,159.1421088,94.10287962,Medium
44,21.57498007,9.521048883,Female,3039.249877,179.8850935,72.63323933,Low
32,8.089922339,3.727635309,Male,2627.864383,176.9729814,71.31768667,Medium
29,23.36491318,9.644152816,Female,1699.17207,181.6468816,85.58431931,Medium
40,27.21135198,8.57143682,Male,1888.179965,158.0381677,56.85630802,High
34,11.45719429,2.722966152,Male,2603.822343,166.5058745,76.38867567,High
41,13.53956445,4.777301318,Male,2576.036415,153.2130122,72.26927789,High
32,9.235044921,1.415836641,Female,2503.94394,163.3249487,83.07956471,High
27,26.54193523,4.836810673,Female,2120.01712,160.7267912,98.08544659,High
43,13.945662,7.566652443,Female,2386.504542,166.194525,99.45781628,Low
29,17.73273099,6.250712779,Female,2742.882064,161.4594189,70.484981,Medium
43,5.180345255,3.300835858,Male,1679.018031,177.541295,76.59163406,Low
28,7.86690681,1.071695673,Female,3407.651244,182.1211928,52.39965748,Low
21,6.949134028,3.782790106,Male,2326.422131,176.9451704,58.93062927,Low
25,21.20721047,1.443597304,Female,1892.532939,189.5528791,68.36605592,Low
27,26.44435114,6.648125199,Male,1606.964515,150.4682386,55.39088141,Medium
26,23.31108159,7.463788061,Female,2006.132311,170.9246458,68.72427741,Medium
31,26.70733677,6.531264375,Male,2410.987232,175.0133348,99.68796961,High
24,13.61056207,1.12984475,Female,1780.277657,160.3310306,99.19767796,High
37,21.42719103,3.925960427,Male,3261.040265,155.3843008,69.75849616,Medium
25,15.75031781,2.834457219,Male,2026.139896,173.7357121,52.84247521,Low
44,6.99692707,1.690826644,Male,1903.412252,178.9864865,71.79635325,High
21,7.009565802,7.57301058,Male,2514.169629,183.3908656,84.18104026,Low
38,7.906193517,9.062482916,Female,2607.889196,153.1388548,74.77183776,High
29,5.635171061,5.780652078,Male,2015.379157,188.2398649,75.23131187,Low
44,27.18518878,3.23038262,Male,1509.696234,164.1800512,59.88366757,High
37,24.03227212,7.651927201,Female,1733.616218,179.0690674,83.63991701,High
35,21.96921767,4.586142751,Male,2354.261729,174.8353604,98.29085072,Medium
37,7.498153398,4.498909567,Female,3351.93648,182.6484732,99.66959237,High
18,9.572826488,5.834622832,Male,3185.317893,189.9047299,67.66813914,High
21,15.63874314,9.70405035,Female,1967.124259,161.9438733,91.13984402,Low
19,24.74873282,1.786745327,Female,2849.079493,185.8156046,71.52945116,High
34,19.39045351,9.129036105,Female,2504.755676,188.3745558,66.95130112,Low
32,28.42753425,3.279074606,Male,2120.736395,172.1009668,62.12788415,Medium
33,15.69450772,4.354447218,Male,2074.911768,159.5789806,63.86867328,High
19,27.10657328,3.507343961,Male,2376.22664,174.6878283,67.16093675,Medium
40,22.30425237,9.626581805,Female,2941.18844,156.257914,94.45138102,Medium
32,12.34379952,8.438679782,Male,3210.231405,173.4282486,98.72592729,Low
42,29.37785651,1.998629499,Male,3337.485656,185.7859122,68.70172582,Low
39,24.96751645,8.967851942,Female,2717.202112,181.4981239,70.54764684,Medium
31,7.659051248,6.338267162,Male,1521.622639,180.1813365,82.00124484,Medium
38,5.765598695,9.062007231,Male,2731.185067,165.5748736,65.65960087,Medium
29,10.97374363,1.662897007,Female,1621.992056,155.482243,83.09247071,High
40,15.78002691,7.058409783,Male,2221.019602,175.7029611,88.9978015,Medium
18,7.113359162,1.618443196,Male,3060.81207,175.0591808,97.11935285,Medium
45,13.58466239,7.631420183,Female,2754.568114,151.9910629,63.84782336,Low
45,6.880950473,9.596672003,Male,2429.345534,188.8803152,73.79022102,High
37,18.41505673,8.750422254,Female,3482.863079,180.2711491,62.27910874,High
39,25.56772494,1.21087606,Male,3024.363266,167.7528668,82.17760096,Medium
44,24.43167923,7.712569318,Male,3328.424344,178.254898,57.68577496,Low
23,29.52216279,4.113164675,Female,2360.909533,165.64616,57.39209967,High
27,29.85744793,3.07323665,Female,2245.335431,160.9344217,55.88089005,Medium
23,20.15284111,7.532244624,Female,2889.953266,166.9506925,63.40897491,High
34,6.107609562,4.82466172,Male,2463.780166,171.7160974,90.17313577,Low
21,16.40505377,6.481549411,Male,1504.002622,151.8978822,90.6523265,High
25,7.839839288,1.824335972,Male,1667.60116,164.7160501,82.58663532,High
18,7.090235797,5.153656366,Male,3280.777948,177.4683347,77.32790832,Medium
31,9.425846901,9.959358794,Male,1942.5752,153.6052641,68.81948493,High
44,26.11491435,1.7289131,Female,1701.284386,153.1074688,77.47781318,High
39,22.67415105,6.63476089,Female,3312.29127,174.5051636,70.33751157,Low
20,8.553145379,2.216025784,Female,2989.503443,151.4542559,82.92297103,Low
42,21.96019282,2.938946598,Female,2074.093552,178.8477762,91.50930853,Medium
45,18.77226174,8.943943822,Female,2834.057569,182.4819609,82.93310044,Medium
23,12.46856048,4.299746148,Female,1669.625507,187.4015654,63.98183911,Medium
23,23.41887855,8.866047304,Male,3169.823955,178.5328469,67.86080392,Low
21,19.47098288,8.512283683,Female,2576.272761,152.6895338,96.23581847,Low
31,18.92232919,2.898022481,Male,1980.893434,165.2015644,99.8341759,Low
45,20.00776629,7.963364364,Female,1736.996492,170.2618703,93.6904391,Low
37,27.96830314,8.257202585,Female,1881.022949,178.7923227,63.70730873,Low
21,5.023812489,5.287231871,Female,1994.673936,150.3635888,56.87957799,High
28,16.27445648,3.086225399,Female,2215.766789,187.9965686,77.38806092,High
44,25.0125482,3.520340033,Male,3401.375023,164.9632304,79.68698424,Medium
26,8.838877088,2.419331432,Male,3470.830539,150.7344453,83.55517329,Medium
33,17.85727239,5.965192958,Male,3306.487125,156.2281116,91.66195265,Low
44,16.43809436,6.959480478,Male,2300.537932,155.7466775,75.06566125,Low
42,26.81932767,2.633199251,Female,3026.896054,164.7201594,65.0522024,Low
34,25.03291644,7.131075492,Female,1524.755981,161.3444028,55.39099179,High
21,16.62930016,5.658503854,Male,1616.54678,174.3447857,92.908799,Medium
20,23.00198445,7.423675084,Male,3438.874709,165.2469696,81.112736,Medium
20,11.50059611,1.975331252,Male,1527.660993,163.1304536,94.83547581,Medium
36,21.37696769,2.814818959,Female,3338.363843,165.2188663,74.33771469,Low
26,28.72587377,2.134229421,Male,1533.851407,179.9067656,98.94782328,Low
18,22.6972787,5.486203589,Male,3332.447251,170.4761362,93.29518662,High
44,25.31870536,4.79240879,Female,3309.913949,152.5103696,52.36622372,Medium
35,13.96170382,8.817295626,Male,2178.988645,173.138074,53.57165257,Medium
30,22.03507969,9.520716732,Female,1915.880981,181.9148918,62.26295194,Medium
36,19.83339543,9.301933722,Female,2983.266344,157.1228503,83.9545622,High
34,26.430428,9.910280576,Male,3229.424838,158.6997748,52.78622141,Low
28,18.91962197,4.873167036,Male,2894.773659,164.5514925,60.56827252,High
18,26.08530041,9.793024895,Female,2589.969543,185.4578866,83.31692118,Low
42,29.33368522,3.978248295,Female,1829.565034,165.7035746,54.41190772,High
19,24.0820288,3.926916835,Female,1656.717872,157.4218499,75.11891425,High
21,24.52594616,5.054352083,Female,3106.316124,163.3005142,80.01750554,Medium
40,12.26780969,6.978942956,Female,2634.067997,180.8750859,99.78191537,Medium
32,8.934366228,2.782861787,Female,2853.660078,162.423448,98.600454,Medium
37,26.88956054,6.897629618,Female,3188.929521,165.1076009,57.27612442,High
38,7.981054615,5.983305857,Female,2266.963838,170.9489744,58.26179805,Low
22,17.69158076,9.720096914,Female,2997.973909,186.6805337,52.60495933,High
27,20.81505134,3.783532205,Female,2661.144197,158.9934973,85.19982842,High
45,24.10952003,1.492760077,Female,2318.909723,180.5792827,91.02296292,Low
33,27.75708479,9.444583591,Female,2535.512589,166.6266336,76.84110469,Medium
33,7.497966155,6.577618962,Female,2154.205047,153.6482606,95.70851988,Medium
24,5.959068935,5.262453263,Male,2006.933219,176.5060186,72.7002462,Low
44,23.30984801,1.711395146,Female,2640.340839,184.0587469,71.46108209,High
29,22.34700414,4.817997486,Male,3096.866811,155.7922227,88.16880088,Low
25,8.953340858,3.879397286,Female,2717.861954,187.717989,82.02435625,Medium
28,10.62312328,6.678485826,Male,3436.632936,158.8188203,71.59231359,Low
35,6.259176599,5.304007305,Male,1573.190758,168.2402708,77.27922443,High
26,9.107712637,7.330479668,Female,3376.073052,180.914999,62.904253,Low
42,22.56228828,6.571054108,Male,2737.953617,152.4712844,91.19154528,Medium
18,28.68148647,9.612223772,Male,3071.561954,175.4496936,59.8646571,Medium
26,21.19565568,9.244263543,Female,1773.299296,159.2816047,91.11112823,Medium
31,21.2669891,1.069334529,Male,1662.244859,164.9692457,82.71771539,High
39,27.24035386,5.576830552,Female,2014.123107,175.2175085,68.02243163,High
29,27.17353993,7.83813174,Female,2703.437865,154.1189717,59.01343361,Low
18,11.23369248,2.48410173,Female,2936.599721,152.4598572,92.07962657,Medium
25,25.7213992,3.927017804,Male,2012.98773,168.1722574,77.08392756,Low
41,5.198491668,4.160683478,Male,1591.765475,189.2464056,73.6214186,Medium
27,9.923027444,1.601962266,Male,2175.856716,181.0909144,55.86550656,High
39,14.4385926,8.649419885,Female,1803.079478,178.6614544,89.56117352,High
25,22.75052844,9.475232277,Male,2082.300171,152.0078928,50.80928066,High
24,24.42662911,3.613262614,Female,3309.485461,168.1152163,72.92442243,Medium
26,10.09420297,2.454166644,Male,1622.08913,172.3401151,53.63455355,Low
40,5.349968338,8.622356732,Female,2952.245407,170.9109094,93.32541855,Low
30,25.06130581,5.107725282,Male,2670.199829,157.7052376,75.89990279,Low
34,11.70770278,4.084904217,Female,1819.313791,171.9229159,63.46328135,Low
44,26.44142893,1.142318613,Female,2131.493148,156.8971438,68.52499648,High
28,24.21560609,5.944501503,Female,2453.932937,150.1567754,71.49789734,High
22,25.74841553,3.861281369,Male,1946.474745,161.2839971,75.9073763,Low
18,20.04368759,1.114481686,Male,3108.961834,159.5522654,80.01915891,Low
20,27.30980086,4.230883552,Female,2265.959283,170.9069975,73.46699608,Medium
29,9.082424875,1.373285882,Male,2126.356573,168.6137434,92.18099652,High
24,24.4679228,9.888810822,Female,2151.62536,184.4673764,53.67902987,High
39,6.463444021,3.328038874,Male,3137.369595,185.6644666,70.88064317,Medium
39,6.411761041,2.100953512,Male,1621.428191,163.6882479,63.31989961,Low
44,28.00112611,9.561001104,Female,2656.662858,179.1319412,61.02510716,High
33,21.92808072,8.730651818,Male,2040.308566,168.3213577,52.04005715,Low
45,9.441461493,3.630966777,Female,2521.223047,169.1106443,84.6737745,Low
32,22.96437104,6.465589216,Male,2099.415055,155.0330621,64.23881348,High
38,22.81595692,2.871898393,Female,3135.557855,151.3647375,61.2421464,High
36,19.37966106,7.40200752,Female,2318.04593,174.4986348,61.41888332,Medium
19,12.92536115,9.954347744,Male,2112.904987,180.5119954,88.38667285,Low
40,16.98488887,8.124666729,Male,1953.961218,178.4241691,79.48086452,Medium
36,23.24984675,2.089665204,Male,1872.580926,162.9423012,89.75670524,Medium
33,12.02256942,9.929064582,Male,1805.917913,166.9636304,81.07697853,Medium
44,25.78486818,8.786711571,Female,3106.959265,167.4803225,54.3019338,Medium
21,10.67528244,7.105267463,Female,2073.716744,160.3817156,72.77465412,High
36,18.77243217,6.863824786,Female,3188.973011,170.8051645,69.49863597,Medium
23,6.017595799,7.710970701,Male,2606.626409,168.7172031,78.47979502,Low
24,23.34912273,2.742800953,Male,1914.122848,152.3505967,95.33458833,Low
35,29.55160954,5.018031689,Male,2499.166339,166.2090604,74.30816671,Medium
30,13.82596899,1.114128564,Male,3333.227079,189.0378545,90.45024394,Low
23,22.29180494,9.787717985,Female,3098.932939,151.6651201,83.15385137,Low
22,19.06968184,1.294752803,Female,3080.16408,183.7071209,83.70377569,Medium
32,28.1806895,1.122447863,Female,2585.551913,185.2807466,75.50634128,High
41,16.22280032,3.090142713,Male,3483.207387,163.528982,59.68259194,Medium
36,26.87408524,3.11203978,Female,1822.071691,166.7362674,84.22409308,Low
37,18.55207859,4.808512528,Female,3084.559114,189.2193611,78.68830948,High
29,24.72459476,2.213579696,Female,2846.107018,176.0629839,84.98713541,Low
38,15.1787153,2.003689608,Female,2275.787638,182.9925772,67.31090351,High
37,22.46400894,4.100624313,Female,3476.248147,163.3668544,53.29605983,High
37,19.51735828,9.399877661,Male,3098.915376,153.4132048,72.18678261,Low
32,13.37377079,1.548214554,Male,2281.635735,167.3051315,72.85696209,Low
35,23.57881764,5.226705561,Male,2970.054122,168.896797,99.19769765,High
38,20.02291302,9.855175766,Male,2394.911056,186.8907039,63.33243975,Medium
19,23.92649021,4.590903425,Male,2656.101605,172.8445312,50.81279106,Medium
45,17.36351627,3.998320541,Male,2568.666492,187.998036,62.29434652,Low
42,10.80429661,8.434374937,Male,2034.320588,155.5378501,74.11763041,Low
41,27.75704813,7.676227916,Male,2672.277659,169.4959161,72.07620863,Medium
35,16.99220229,4.285633134,Female,3433.423385,157.2824218,85.99145444,Medium
31,20.78932306,5.882181063,Female,2867.832739,173.7035151,81.73638576,Low
40,19.90745449,8.499151519,Male,2364.110511,183.8374416,52.70085875,Medium
36,14.8685505,2.608562056,Male,2972.174683,156.857638,51.55139646,Low
21,23.61505933,7.162255613,Male,2034.986225,186.4982689,87.46905424,High
37,20.12662093,9.112093583,Female,1870.103446,188.1386979,98.77534824,Low
29,26.26000284,9.494225103,Female,2327.883228,179.7135403,62.22257422,Medium
33,14.83071832,3.759147469,Male,3205.359567,164.8426529,81.23625858,Low
25,13.75858012,2.221742335,Female,1601.093783,179.9781105,51.60347058,Medium
18,18.17100689,3.266994685,Male,2105.436198,185.2276594,68.51754428,High
40,29.30967851,5.975612398,Female,2442.113235,182.7588013,67.83090663,Low
20,15.32017886,9.906918771,Male,2274.88237,158.1900784,63.37625162,Low
42,24.55857749,4.436531182,Female,2239.068209,184.5794184,68.30926689,Medium
40,26.68750809,5.970385274,Female,1607.297027,180.5848185,69.90876404,Low
19,6.396130148,4.211545743,Female,3157.67904,164.2520369,66.22191017,High
24,6.242607436,2.039407124,Female,3420.294449,152.1422492,55.5798139,Low
43,28.68081794,7.338099062,Female,3154.112481,154.8295448,55.65597292,High
38,26.90837458,7.715827122,Male,2721.642565,189.3122099,56.49695693,Medium
39,8.747312785,6.927021241,Male,2019.629307,189.5507057,67.79126865,Low
31,17.84579503,7.015882955,Female,2306.623171,159.3694948,66.63465152,Medium
22,12.78266303,7.902442639,Female,2638.262341,183.8797928,58.07146326,High
37,22.42122308,5.721987478,Female,2441.188613,164.797696,63.57329114,High
35,8.952209246,5.624425789,Male,1524.10009,178.0579888,54.77839282,Low
31,28.76669099,1.904354958,Male,1529.685599,175.6016662,99.90420798,Medium
35,8.667157898,9.644219164,Male,2261.99004,159.1672103,76.43199443,High
23,9.014446269,1.540121277,Female,1599.014396,180.8270955,85.34550507,Medium
19,29.62696479,6.241681906,Female,2760.345886,187.4661879,68.00324534,High
21,10.53912335,1.670529512,Male,2409.109754,180.8568969,69.08378233,Medium
34,25.79641116,4.484977424,Female,1730.8032,157.812316,79.25966266,Medium
34,18.57278805,4.396456829,Female,2112.633116,154.8457598,78.78613599,Medium
41,21.87022534,8.730524362,Male,1956.939526,171.3773169,65.22444125,Medium
41,23.14940313,9.755942925,Male,3289.7834,181.2319548,80.54488886,High
31,14.31665362,7.087827102,Female,1824.265248,150.2017657,61.94154214,High
19,20.45970463,8.345471471,Male,2442.506328,165.996581,93.98504747,High
28,22.64374569,2.690044603,Female,1783.281589,150.6880411,98.62745261,High
39,21.3987325,5.636029096,Male,1630.64737,187.2748571,58.13030358,High
23,15.8528818,3.781301269,Male,1853.901536,179.9128046,69.64455497,Medium
30,9.703930984,8.867328962,Male,3417.775297,160.8031248,64.06738984,Low
19,16.39981268,7.11292333,Female,1989.000244,172.5246653,80.85237596,Medium
35,27.62710069,7.447935825,Male,3009.545415,150.9084926,80.30227058,Medium
27,9.497034617,7.734306105,Male,2891.531675,167.2646955,94.9635808,Medium
23,6.318122036,4.337298565,Male,1821.266638,176.5247586,84.95075639,Low
30,29.48024888,3.769650929,Female,3115.88382,163.7413535,86.05584292,Low
21,27.06997156,5.442898661,Male,3216.220962,160.6457155,63.16174669,High
32,23.63766893,9.764122873,Female,2468.84777,186.3266244,50.85736734,High
40,13.05454253,7.4925394,Female,2508.302083,173.2952302,71.83460857,Medium
29,16.91656417,9.288397594,Male,2102.177765,170.5269413,68.33906174,High
24,7.895839783,3.611127846,Male,3199.504953,151.8867461,63.47299538,High
22,22.48377038,6.056426413,Female,1612.530613,172.296879,90.94855268,Low
28,24.67177002,8.916838105,Male,3352.637416,157.1130198,50.11823349,High
23,18.88645391,2.358614304,Male,2055.893851,181.024037,73.66734003,High
19,7.973387329,5.967203271,Female,3217.846905,152.8828717,58.76464698,Low
